<?xml version="1.0" encoding="UTF-8"?>
<privacy-policy xmlns="http://www.example.org/privacy"
	xmlns:xsi="http://www.w3.org/2001/XMLSchema-instance"
	xsi:schemaLocation="http://www.example.org/privacy privacy.xsd">
	<policy-information id="slt-policy">
		<issuer>
			<name>YanDong</name>
			<organization>Intel</organization>
			<e-mail>dong.yan@intel.com</e-mail>
			<address>IntelLabChina</address>
			<country>China</country>
		</issuer>
	</policy-information>
	<vocabulary-ref location="slt-vocab.xml">
		<user-category-container refid="default-user" />
		<data-category-container refid="slt-data" />
	</vocabulary-ref>
	<rules>
		<rule id="single_data_category_projection">
			<user-category-ref refid="app"></user-category-ref>
			<data-category-ref refid="ka" action="all"></data-category-ref>
			<restriction>
				<forbid></forbid>
			</restriction>
		</rule>

		<rule id="forbid_qi_sa">
			<user-category-ref refid="app"></user-category-ref>
			<data-association>
				<data-category-ref refid="qi" action="all"></data-category-ref>
				<data-category-ref refid="sa" action="all"></data-category-ref>
			</data-association>
			<restriction>
				<forbid></forbid>
			</restriction>
		</rule>
	</rules>
</privacy-policy>
