<?xml version="1.0" encoding="UTF-8"?>

<vocabulary 
	base="base-vocab.xml"
	xmlns="http://www.example.org/privacy" 
	xmlns:xsi="http://www.w3.org/2001/XMLSchema-instance"
	xsi:schemaLocation="http://www.example.org/privacy ../res/privacy.xsd">
	<vocabulary-information id="vocab-info">
		<issuer>
			<name>YanDong</name>
			<organization>Intel</organization>
			<e-mail>dong.yan@intel.com</e-mail>
			<address>IntelLabChina</address>
			<country>China</country>
		</issuer>
	</vocabulary-information>

	<data-category-container id="slt-data" base="default-data">
		<data-category id="test-a" parent="ka"></data-category>
		<data-category id="test-b" parent="qi"></data-category>
		<data-category id="test-c" parent="sa"></data-category>

	</data-category-container>
</vocabulary>
